{
    "LW-02S": {
        "serial_number": "2432250",
        "id": "/loadsensing/27990/node/dynamic/86313/device/vw1/sensor",
        "sensor_depth": 24,
        "poly_a": -2.491e-8,
        "poly_b": -0.01306,
        "k": -0.002295,
        "ground_elev": 298.09,
        "r0": 8964.4,
        "t0": 3.6,
        "northing": 1912364.472,
        "easting": 889279.4546
    },
    "LW-02D": {
        "serial_number": "2432257",
        "id": "/loadsensing/27990/node/dynamic/86313/device/vw2/sensor",
        "sensor_depth": 64,
        "poly_a": 4.028e-8,
        "poly_b": -0.01453,
        "k": -0.0003269,
        "ground_elev": 298.09,
        "r0": 8812.8,
        "t0": 4.4,
        "northing": 1912364.472,
        "easting": 889279.4546
    },
    "LW-05S": {
        "serial_number": "2432266",
        "id": "/loadsensing/27990/node/dynamic/86313/device/vw3/sensor",
        "sensor_depth": 19.4,
        "poly_a": 4.775e-8,
        "poly_b": -0.01559,
        "k": -0.001754,
        "ground_elev": 299.4,
        "r0": 9129.9,
        "t0": 8.6,
        "northing": 1912333.333,
        "easting": 889259.3386
    },
    "LW-05D": {
        "serial_number": "2432267",
        "id": "/loadsensing/27990/node/dynamic/86313/device/vw4/sensor",
        "sensor_depth": 57.8,
        "poly_a": 3.412e-8,
        "poly_b": -0.01572,
        "k": -0.000607,
        "ground_elev": 299.4,
        "r0": 8690.8,
        "t0": 12,
        "northing": 1912333.333,
        "easting": 889259.3386
    },
    "LW-07S": {
        "serial_number": "2432258",
        "id": "/loadsensing/27990/node/dynamic/86495/device/vw1/sensor",
        "sensor_depth": 22.4,
        "poly_a": 6.928e-9,
        "poly_b": -0.01386,
        "k": 0.0008965,
        "ground_elev": 295.4,
        "r0": 8553.5,
        "t0": 13.5,
        "northing": 1912428.6,
        "easting": 889158.3006
    },
    "LW-07D": {
        "serial_number": "2432262",
        "id": "/loadsensing/27990/node/dynamic/86495/device/vw2/sensor",
        "sensor_depth": 52.4,
        "poly_a": 9.474e-8,
        "poly_b": -0.01712,
        "k": 0.0002697,
        "ground_elev": 295.4,
        "r0": 8745.5,
        "t0": 13.7,
        "northing": 1912428.6,
        "easting": 889158.3006
    },
    "LW-09S": {
        "serial_number": "2432253",
        "id": "/loadsensing/27990/node/dynamic/86313/device/vw5/sensor",
        "sensor_depth": 24,
        "poly_a": 1.455e-8,
        "poly_b": -0.0158,
        "k": -0.000108,
        "ground_elev": 295.57,
        "r0": 8591.3,
        "t0": 8,
        "northing": 1912278.941,
        "easting": 889143.5009
    },
    "LW-09D": {
        "serial_number": "2432261",
        "id": "/loadsensing/27990/node/dynamic/86397/device/vw1/sensor",
        "sensor_depth": 46.7,
        "poly_a": 2.299e-8,
        "poly_b": -0.01521,
        "k": 0.001948,
        "ground_elev": 295.57,
        "r0": 8523.1,
        "t0": 6.9,
        "northing": 1912278.941,
        "easting": 889143.5009
    },
    "LW-15S": {
        "serial_number": "2432265",
        "id": "/loadsensing/27990/node/dynamic/86495/device/vw3/sensor",
        "sensor_depth": 25,
        "poly_a": 1.107e-8,
        "poly_b": -0.01471,
        "k": 0.002558,
        "ground_elev": 295,
        "r0": 8836,
        "t0": 11.2,
        "northing": 1912295.845,
        "easting": 888977.7725
    },
    "LW-15D": {
        "serial_number": "2432268",
        "id": "/loadsensing/27990/node/dynamic/86495/device/vw4/sensor",
        "sensor_depth": 58.2,
        "poly_a": 6.104e-9,
        "poly_b": -0.01451,
        "k": -0.002873,
        "ground_elev": 295,
        "r0": 8910.5,
        "t0": 10.2,
        "northing": 1912295.845,
        "easting": 888977.7725
    },
    "LW-17S": {
        "serial_number": "2432263",
        "id": "/loadsensing/27990/node/dynamic/86397/device/vw2/sensor",
        "sensor_depth": 32.4,
        "poly_a": 1.158e-8,
        "poly_b": -0.01363,
        "k": -0.0004165,
        "ground_elev": 295.1,
        "r0": 8823.3,
        "t0": 16.1,
        "northing": 1912216.334,
        "easting": 889062.0159
    },
    "LW-17D": {
        "serial_number": "2432254",
        "id": "/loadsensing/27990/node/dynamic/86397/device/vw3/sensor",
        "sensor_depth": 41.4,
        "poly_a": 1.666e-9,
        "poly_b": -0.01692,
        "k": 0.01228,
        "ground_elev": 295.1,
        "r0": 8970.4,
        "t0": 16.7,
        "northing": 1912216.334,
        "easting": 889062.0159
    },
    "LW-19S": {
        "serial_number": "2432255",
        "id": "/loadsensing/27990/node/dynamic/86495/device/vw5/sensor",
        "sensor_depth": 27,
        "poly_a": 6.245e-9,
        "poly_b": -0.01422,
        "k": -0.003244,
        "ground_elev": 301.28,
        "r0": 9053.3,
        "t0": 5.5,
        "northing": 1912198.376,
        "easting": 888985.9163
    },
    "LW-19D": {
        "serial_number": "2432251",
        "id": "/loadsensing/27990/node/dynamic/89045/device/vw1/sensor",
        "sensor_depth": 47,
        "poly_a": 1.011e-7,
        "poly_b": -0.01656,
        "k": -0.002573,
        "ground_elev": 301.28,
        "r0": 8855.5,
        "t0": 5.1,
        "northing": 1912198.376,
        "easting": 888985.9163
    }
}